index,Timestamp,Rank,TrendPhrase
1,2014/04/24 23:10:12,1,Saw 7
1,2014/04/24 23:10:12,2,#WWATOURSTARTSTOMORROW
1,2014/04/24 23:10:12,3,Kevin Durant is 1 for 13
1,2014/04/24 23:10:12,4,#HappyBDayMrsEspinosa
1,2014/04/24 23:10:12,5,2-1 Memphis
1,2014/04/24 23:10:12,6,2-0 Wild
1,2014/04/24 23:10:12,7,#letniallsleep
1,2014/04/24 23:10:12,8,Cara Maria
1,2014/04/24 23:10:12,9,#3DaysUntilProblem
1,2014/04/24 23:10:12,10,#ouchcouch
2,2014/04/24 23:15:12,1,Up 3-1
2,2014/04/24 23:15:12,2,Saw 7
2,2014/04/24 23:15:12,3,BRUH Direct TV
2,2014/04/24 23:15:12,4,Pacers and Thunder
2,2014/04/24 23:15:12,5,#HappyBDayMrsEspinosa
2,2014/04/24 23:15:12,6,#VivirMiVida
2,2014/04/24 23:15:12,7,#letniallsleep
2,2014/04/24 23:15:12,8,#weloveyouliam
2,2014/04/24 23:15:12,9,3-2 in OT
2,2014/04/24 23:15:12,10,#ouchcouch
3,2014/04/24 23:24:28,1,#whereislavernecox
3,2014/04/24 23:24:28,2,#HappyBDayMrsEspinosa
3,2014/04/24 23:24:28,3,Blue Hill Avenue
3,2014/04/24 23:24:28,4,These Fire
3,2014/04/24 23:24:28,5,#letniallsleep
3,2014/04/24 23:24:28,6,Tommy Medica
3,2014/04/24 23:24:28,7,3-2 in OT
3,2014/04/24 23:24:28,8,Jamal Crawford
3,2014/04/24 23:24:28,9,#SnapchatProblems
3,2014/04/24 23:24:28,10,#ouchcouch
4,2014/04/24 23:33:43,1,Saw 7
4,2014/04/24 23:33:43,2,James Sheppard
4,2014/04/24 23:33:43,3,#whereislavernecox
4,2014/04/24 23:33:43,4,#HappyBDayMrsEspinosa
4,2014/04/24 23:33:43,5,Blue Hill Avenue
4,2014/04/24 23:33:43,6,#FeelBetterJacob
4,2014/04/24 23:33:43,7,#letniallsleep
4,2014/04/24 23:33:43,8,Full Court Shot
4,2014/04/24 23:33:43,9,#ouchcouch
4,2014/04/24 23:33:43,10,Reggie Bullock
5,2014/04/24 23:42:58,1,Enzo
5,2014/04/24 23:42:58,2,#WeMissYouChris
5,2014/04/24 23:42:58,3,#LameOfficeHolidays
5,2014/04/24 23:42:58,4,#feelbettercam
5,2014/04/24 23:42:58,5,#whereislavernecox
5,2014/04/24 23:42:58,6,Scott Brooks
5,2014/04/24 23:42:58,7,Marc Anthony
5,2014/04/24 23:42:58,8,#letniallsleep
5,2014/04/24 23:42:58,9,Harrison Barnes
5,2014/04/24 23:42:58,10,Juan Uribe
6,2014/04/24 23:50:06,1,#WeMissYouChris
6,2014/04/24 23:50:06,2,#LameOfficeHolidays
6,2014/04/24 23:50:06,3,#HappyBDayMrsEspinosa
6,2014/04/24 23:50:06,4,Jermaine O'Neal
6,2014/04/24 23:50:06,5,Reggie Miller
6,2014/04/24 23:50:06,6,#letniallsleep
6,2014/04/24 23:50:06,7,#3DaysUntilProblem
6,2014/04/24 23:50:06,8,David Lee
6,2014/04/24 23:50:06,9,Deandre Jordan
6,2014/04/24 23:50:06,10,JJ Redick
7,2014/04/25 00:13:37,1,#WeMissYouChris
7,2014/04/25 00:13:37,2,#LameOfficeHolidays
7,2014/04/25 00:13:37,3,#fallonpanda
7,2014/04/25 00:13:37,4,McGinn
7,2014/04/25 00:13:37,5,Mike Brown
7,2014/04/25 00:13:37,6,#letniallsleep
7,2014/04/25 00:13:37,7,Matt Nieto
7,2014/04/25 00:13:37,8,#KeepItDownColombia
7,2014/04/25 00:13:37,9,Aeropostale
7,2014/04/25 00:13:37,10,Based God or Jody HighRoller
8,2014/04/25 00:20:45,1,#LameOfficeHolidays
8,2014/04/25 00:20:45,2,#fallonpanda
8,2014/04/25 00:20:45,3,Best of 3
8,2014/04/25 00:20:45,4,In N Out 3x3 Burger with Cheesy Fries
8,2014/04/25 00:20:45,5,#letniallsleep
8,2014/04/25 00:20:45,6,#LetTheBoysSleep
8,2014/04/25 00:20:45,7,Justin Williams
8,2014/04/25 00:20:45,8,#KeepItDownColombia
8,2014/04/25 00:20:45,9,Sheila E
8,2014/04/25 00:20:45,10,Last Day Of School Imma Be Like
9,2014/04/25 00:27:53,1,#LameOfficeHolidays
9,2014/04/25 00:27:53,2,#fallonpanda
9,2014/04/25 00:27:53,3,Niemi
9,2014/04/25 00:27:53,4,4-2 Kings
9,2014/04/25 00:27:53,5,#letniallsleep
9,2014/04/25 00:27:53,6,#LetTheBoysSleep
9,2014/04/25 00:27:53,7,Justin Williams
9,2014/04/25 00:27:53,8,#KeepItDownColombia
9,2014/04/25 00:27:53,9,Tyler Toffoli
9,2014/04/25 00:27:53,10,Blake Griffin
10,2014/04/25 00:37:08,1,Flagrant 2
10,2014/04/25 00:37:08,2,#LameOfficeHolidays
10,2014/04/25 00:37:08,3,#fallonpanda
10,2014/04/25 00:37:08,4,Los Osos High School Swim & Dive
10,2014/04/25 00:37:08,5,#FreeMattCooke
10,2014/04/25 00:37:08,6,Blake Griffen
10,2014/04/25 00:37:08,7,Deandre Jordan
10,2014/04/25 00:37:08,8,#letniallsleep
10,2014/04/25 00:37:08,9,#KeepItDownColombia
10,2014/04/25 00:37:08,10,Draymond Green
11,2014/04/25 00:42:09,1,Flagrant 2
11,2014/04/25 00:42:09,2,#LameOfficeHolidays
11,2014/04/25 00:42:09,3,#fallonpanda
11,2014/04/25 00:42:09,4,Los Osos High School Swim & Dive
11,2014/04/25 00:42:09,5,#WWATOURSTARTSTOMORROW
11,2014/04/25 00:42:09,6,"""Flopper"""
11,2014/04/25 00:42:09,7,Reggie Miller
11,2014/04/25 00:42:09,8,#letniallsleep
11,2014/04/25 00:42:09,9,#KeepItDownColombia
11,2014/04/25 00:42:09,10,Draymond Green
12,2014/04/25 00:47:09,1,Flagrant 2
12,2014/04/25 00:47:09,2,#LameOfficeHolidays
12,2014/04/25 00:47:09,3,#fallonpanda
12,2014/04/25 00:47:09,4,Los Osos High School Swim & Dive
12,2014/04/25 00:47:09,5,#whereislavernecox
12,2014/04/25 00:47:09,6,Matt Barnes
12,2014/04/25 00:47:09,7,#letniallsleep
12,2014/04/25 00:47:09,8,#KeepItDownColombia
12,2014/04/25 00:47:09,9,Draymond Green
12,2014/04/25 00:47:09,10,Blake Griffin
13,2014/04/25 01:03:10,1,#LameOfficeHolidays
13,2014/04/25 01:03:10,2,#fallonpanda
13,2014/04/25 01:03:10,3,#whereislavernecox
13,2014/04/25 01:03:10,4,Matt Barnes
13,2014/04/25 01:03:10,5,#teamsexy
13,2014/04/25 01:03:10,6,#letniallsleep
13,2014/04/25 01:03:10,7,Stalock
13,2014/04/25 01:03:10,8,Jamal Crawford
13,2014/04/25 01:03:10,9,Curry to Iggy
13,2014/04/25 01:03:10,10,Prince Royce
14,2014/04/25 01:08:10,1,Chris Perez
14,2014/04/25 01:08:10,2,#LameOfficeHolidays
14,2014/04/25 01:08:10,3,#fallonpanda
14,2014/04/25 01:08:10,4,#whereislavernecox
14,2014/04/25 01:08:10,5,Matt Barnes
14,2014/04/25 01:08:10,6,#teamsexy
14,2014/04/25 01:08:10,7,Draymond Green
14,2014/04/25 01:08:10,8,#letniallsleep
14,2014/04/25 01:08:10,9,Glen Davis
14,2014/04/25 01:08:10,10,Curry to Iggy
15,2014/04/25 01:15:19,1,The Splash Brothers
15,2014/04/25 01:15:19,2,Brad Stuart
15,2014/04/25 01:15:19,3,#LameOfficeHolidays
15,2014/04/25 01:15:19,4,#fallonpanda
15,2014/04/25 01:15:19,5,#whereislavernecox
15,2014/04/25 01:15:19,6,#SmileJacob
15,2014/04/25 01:15:19,7,Clay Thompson
15,2014/04/25 01:15:19,8,#letniallsleep
15,2014/04/25 01:15:19,9,My Sisters Keeper
15,2014/04/25 01:15:19,10,Curry 3
16,2014/04/25 01:20:20,1,#LameOfficeHolidays
16,2014/04/25 01:20:20,2,#fallonpanda
16,2014/04/25 01:20:20,3,Carlos Ruiz
16,2014/04/25 01:20:20,4,Chris Paul
16,2014/04/25 01:20:20,5,Answer for $300
16,2014/04/25 01:20:20,6,#SmileJacob
16,2014/04/25 01:20:20,7,Clay Thompson
16,2014/04/25 01:20:20,8,#letniallsleep
16,2014/04/25 01:20:20,9,Brian Wilson
16,2014/04/25 01:20:20,10,#itsalouisthingduh
17,2014/04/25 02:22:53,1,#LameOfficeHolidays
17,2014/04/25 02:22:53,2,#BeyondScaredStraight
17,2014/04/25 02:22:53,3,Inside the NBA
17,2014/04/25 02:22:53,4,#betch
17,2014/04/25 02:22:53,5,Mathew
17,2014/04/25 02:22:53,6,#smilejacob
17,2014/04/25 02:22:53,7,On God
17,2014/04/25 02:22:53,8,#WeCantDateIf
17,2014/04/25 02:22:53,9,Shaq and Barkley
17,2014/04/25 02:22:53,10,Pootie Tang
18,2014/04/25 02:27:55,1,#LameOfficeHolidays
18,2014/04/25 02:27:55,2,#BeyondScaredStraight
18,2014/04/25 02:27:55,3,Inside the NBA
18,2014/04/25 02:27:55,4,#betch
18,2014/04/25 02:27:55,5,Mathew
18,2014/04/25 02:27:55,6,#smilejacob
18,2014/04/25 02:27:55,7,On God
18,2014/04/25 02:27:55,8,#WeCantDateIf
18,2014/04/25 02:27:55,9,Shaq and Barkley
18,2014/04/25 02:27:55,10,Pootie Tang
19,2014/04/25 02:51:37,1,Cali
19,2014/04/25 02:51:37,2,FaceTime
19,2014/04/25 02:51:37,3,#LameOfficeHolidays
19,2014/04/25 02:51:37,4,Thirsty Thursday
19,2014/04/25 02:51:37,5,#ClipperNation
19,2014/04/25 02:51:37,6,Netflix
19,2014/04/25 02:51:37,7,Inside the NBA
19,2014/04/25 02:51:37,8,#SmileJacob
19,2014/04/25 02:51:37,9,#BeyondScaredStraight
19,2014/04/25 02:51:37,10,#WeCantDateIf
20,2014/04/25 02:58:45,1,Cali
20,2014/04/25 02:58:45,2,Steven Tyler
20,2014/04/25 02:58:45,3,#LameOfficeHolidays
20,2014/04/25 02:58:45,4,#fallonpanda
20,2014/04/25 02:58:45,5,Thirsty Thursday
20,2014/04/25 02:58:45,6,Netflix
20,2014/04/25 02:58:45,7,Inside the NBA
20,2014/04/25 02:58:45,8,#ArmenianGenocide
20,2014/04/25 02:58:45,9,#SmileJacob
20,2014/04/25 02:58:45,10,#XULA18
21,2014/04/25 03:05:53,1,#LameOfficeHolidays
21,2014/04/25 03:05:53,2,#fallonpanda
21,2014/04/25 03:05:53,3,#latenightthoughts
21,2014/04/25 03:05:53,4,Netflix
21,2014/04/25 03:05:53,5,Inside the NBA
21,2014/04/25 03:05:53,6,#SmileJacob
21,2014/04/25 03:05:53,7,Thirsty Thursday
21,2014/04/25 03:05:53,8,The Other Woman
21,2014/04/25 03:05:53,9,Taco Bell
21,2014/04/25 03:05:53,10,#XULA18
22,2014/04/25 03:10:53,1,FaceTime
22,2014/04/25 03:10:53,2,#LameOfficeHolidays
22,2014/04/25 03:10:53,3,#fallonpanda
22,2014/04/25 03:10:53,4,Netflix
22,2014/04/25 03:10:53,5,#BeyondScaredStraight
22,2014/04/25 03:10:53,6,#latenightthoughts
22,2014/04/25 03:10:53,7,Cali
22,2014/04/25 03:10:53,8,Taco Bell
22,2014/04/25 03:10:53,9,#cantsleep
22,2014/04/25 03:10:53,10,The Other Woman
23,2014/04/25 03:36:27,1,Waffle House
23,2014/04/25 03:36:27,2,#LameOfficeHolidays
23,2014/04/25 03:36:27,3,#fallonpanda
23,2014/04/25 03:36:27,4,#latenightthoughts
23,2014/04/25 03:36:27,5,Netflix
23,2014/04/25 03:36:27,6,#nursingfacultyjobs
23,2014/04/25 03:36:27,7,The Rubik's Cube
23,2014/04/25 03:36:27,8,Cali
23,2014/04/25 03:36:27,9,#teamnosleep
23,2014/04/25 03:36:27,10,Taco Bell
24,2014/04/25 04:19:51,1,Waffle House
24,2014/04/25 04:19:51,2,#insomnia
24,2014/04/25 04:19:51,3,#LameOfficeHolidays
24,2014/04/25 04:19:51,4,Apple iPod Shuffle - 39%
24,2014/04/25 04:19:51,5,Bali
24,2014/04/25 04:19:51,6,#latenightthoughts
24,2014/04/25 04:19:51,7,Netflix
24,2014/04/25 04:19:51,8,#teamnosleep
24,2014/04/25 04:19:51,9,#cantsleep
24,2014/04/25 04:19:51,10,Virgin Australia
25,2014/04/25 04:24:52,1,#fallonpanda
25,2014/04/25 04:24:52,2,Waffle House
25,2014/04/25 04:24:52,3,#insomnia
25,2014/04/25 04:24:52,4,#LameOfficeHolidays
25,2014/04/25 04:24:52,5,Virgin Australia
25,2014/04/25 04:24:52,6,Bali
25,2014/04/25 04:24:52,7,#latenightthoughts
25,2014/04/25 04:24:52,8,Netflix
25,2014/04/25 04:24:52,9,#cantsleep
25,2014/04/25 04:24:52,10,Apple iPod Shuffle - 39%
26,2014/04/25 04:29:52,1,NyQuil
26,2014/04/25 04:29:52,2,Waffle House
26,2014/04/25 04:29:52,3,#insomnia
26,2014/04/25 04:29:52,4,#LameOfficeHolidays
26,2014/04/25 04:29:52,5,Apple iPod Shuffle - 39%
26,2014/04/25 04:29:52,6,#latenightthoughts
26,2014/04/25 04:29:52,7,Netflix
26,2014/04/25 04:29:52,8,#teamnosleep
26,2014/04/25 04:29:52,9,#cantsleep
26,2014/04/25 04:29:52,10,Virgin Australia
27,2014/04/25 04:37:00,1,Nyquil
27,2014/04/25 04:37:00,2,Waffle House
27,2014/04/25 04:37:00,3,#insomnia
27,2014/04/25 04:37:00,4,#LameOfficeHolidays
27,2014/04/25 04:37:00,5,Apple iPod Shuffle - 39%
27,2014/04/25 04:37:00,6,#latenightthoughts
27,2014/04/25 04:37:00,7,Netflix
27,2014/04/25 04:37:00,8,#teamnosleep
27,2014/04/25 04:37:00,9,#cantsleep
27,2014/04/25 04:37:00,10,Virgin Australia
28,2014/04/25 04:42:00,1,NyQuil
28,2014/04/25 04:42:00,2,Waffle House
28,2014/04/25 04:42:00,3,#insomnia
28,2014/04/25 04:42:00,4,#LameOfficeHolidays
28,2014/04/25 04:42:00,5,Apple iPod Shuffle - 39%
28,2014/04/25 04:42:00,6,Bali
28,2014/04/25 04:42:00,7,#latenightthoughts
28,2014/04/25 04:42:00,8,Netflix
28,2014/04/25 04:42:00,9,#teamnosleep
28,2014/04/25 04:42:00,10,#cantsleep
29,2014/04/25 04:47:01,1,NyQuil
29,2014/04/25 04:47:01,2,Waffle House
29,2014/04/25 04:47:01,3,#insomnia
29,2014/04/25 04:47:01,4,#LameOfficeHolidays
29,2014/04/25 04:47:01,5,Apple iPod Shuffle - 39%
29,2014/04/25 04:47:01,6,#latenightthoughts
29,2014/04/25 04:47:01,7,Netflix
29,2014/04/25 04:47:01,8,#teamnosleep
29,2014/04/25 04:47:01,9,#cantsleep
29,2014/04/25 04:47:01,10,IHOP
30,2014/04/25 04:52:02,1,NyQuil
30,2014/04/25 04:52:02,2,Waffle House
30,2014/04/25 04:52:02,3,#insomnia
30,2014/04/25 04:52:02,4,#LameOfficeHolidays
30,2014/04/25 04:52:02,5,Apple iPod Shuffle - 39%
30,2014/04/25 04:52:02,6,#latenightthoughts
30,2014/04/25 04:52:02,7,Netflix
30,2014/04/25 04:52:02,8,#teamnosleep
30,2014/04/25 04:52:02,9,#cantsleep
30,2014/04/25 04:52:02,10,IHOP
31,2014/04/25 04:57:02,1,NyQuil
31,2014/04/25 04:57:02,2,#insomnia
31,2014/04/25 04:57:02,3,#LameOfficeHolidays
31,2014/04/25 04:57:02,4,Apple iPod Shuffle - 39%
31,2014/04/25 04:57:02,5,Bali
31,2014/04/25 04:57:02,6,#latenightthoughts
31,2014/04/25 04:57:02,7,Netflix
31,2014/04/25 04:57:02,8,#teamnosleep
31,2014/04/25 04:57:02,9,#cantsleep
31,2014/04/25 04:57:02,10,Virgin Australia
32,2014/04/25 05:02:03,1,NyQuil
32,2014/04/25 05:02:03,2,Waffle House
32,2014/04/25 05:02:03,3,#insomnia
32,2014/04/25 05:02:03,4,#LameOfficeHolidays
32,2014/04/25 05:02:03,5,Apple iPod Shuffle - 39%
32,2014/04/25 05:02:03,6,Bali
32,2014/04/25 05:02:03,7,Netflix
32,2014/04/25 05:02:03,8,#Stock
32,2014/04/25 05:02:03,9,#teamnosleep
32,2014/04/25 05:02:03,10,#cantsleep
33,2014/04/25 05:07:04,1,NyQuil
33,2014/04/25 05:07:04,2,Waffle House
33,2014/04/25 05:07:04,3,#insomnia
33,2014/04/25 05:07:04,4,#LameOfficeHolidays
33,2014/04/25 05:07:04,5,Apple iPod Shuffle - 39%
33,2014/04/25 05:07:04,6,Bali
33,2014/04/25 05:07:04,7,Netflix
33,2014/04/25 05:07:04,8,#Stock
33,2014/04/25 05:07:04,9,#teamnosleep
33,2014/04/25 05:07:04,10,#cantsleep
34,2014/04/25 05:14:11,1,NyQuil
34,2014/04/25 05:14:11,2,#insomnia
34,2014/04/25 05:14:11,3,#LameOfficeHolidays
34,2014/04/25 05:14:11,4,Apple iPod Shuffle - 39%
34,2014/04/25 05:14:11,5,Bali
34,2014/04/25 05:14:11,6,Netflix
34,2014/04/25 05:14:11,7,#Stock
34,2014/04/25 05:14:11,8,#teamnosleep
34,2014/04/25 05:14:11,9,#cantsleep
34,2014/04/25 05:14:11,10,Virgin Australia
35,2014/04/25 05:19:12,1,NyQuil
35,2014/04/25 05:19:12,2,FaceTime
35,2014/04/25 05:19:12,3,#insomnia
35,2014/04/25 05:19:12,4,#LameOfficeHolidays
35,2014/04/25 05:19:12,5,Apple iPod Shuffle - 39%
35,2014/04/25 05:19:12,6,Netflix
35,2014/04/25 05:19:12,7,#teamnosleep
35,2014/04/25 05:19:12,8,#cantsleep
35,2014/04/25 05:19:12,9,IHOP
35,2014/04/25 05:19:12,10,#fallonpanda
36,2014/04/25 05:24:13,1,Nyquil
36,2014/04/25 05:24:13,2,Waffle House
36,2014/04/25 05:24:13,3,#insomnia
36,2014/04/25 05:24:13,4,#LameOfficeHolidays
36,2014/04/25 05:24:13,5,Apple iPod Shuffle - 39%
36,2014/04/25 05:24:13,6,Netflix
36,2014/04/25 05:24:13,7,#Stock
36,2014/04/25 05:24:13,8,#teamnosleep
36,2014/04/25 05:24:13,9,#cantsleep
36,2014/04/25 05:24:13,10,FaceTime
37,2014/04/25 05:29:13,1,NyQuil
37,2014/04/25 05:29:13,2,FaceTime
37,2014/04/25 05:29:13,3,#insomnia
37,2014/04/25 05:29:13,4,#LameOfficeHolidays
37,2014/04/25 05:29:13,5,Apple iPod Shuffle - 39%
37,2014/04/25 05:29:13,6,Netflix
37,2014/04/25 05:29:13,7,#Stock
37,2014/04/25 05:29:13,8,Cali
37,2014/04/25 05:29:13,9,#teamnosleep
37,2014/04/25 05:29:13,10,#cantsleep
1,2014/04/25 05:44:43,1,FaceTime
1,2014/04/25 05:44:43,2,Waffle House
1,2014/04/25 05:44:43,3,#insomnia
1,2014/04/25 05:44:43,4,#LameOfficeHolidays
1,2014/04/25 05:44:43,5,Apple iPod Shuffle - 39%
1,2014/04/25 05:44:43,6,Netflix
1,2014/04/25 05:44:43,7,#TGIF
1,2014/04/25 05:44:43,8,#WeAreReadyForTheWWAT
1,2014/04/25 05:44:43,9,Cali
1,2014/04/25 05:44:43,10,#cantsleep
2,2014/04/25 05:49:44,1,FaceTime
2,2014/04/25 05:49:44,2,Waffle House
2,2014/04/25 05:49:44,3,#LameOfficeHolidays
2,2014/04/25 05:49:44,4,Apple iPod Shuffle - 39%
2,2014/04/25 05:49:44,5,Netflix
2,2014/04/25 05:49:44,6,#TGIF
2,2014/04/25 05:49:44,7,#WeAreReadyForTheWWAT
2,2014/04/25 05:49:44,8,Cali
2,2014/04/25 05:49:44,9,#teamnosleep
2,2014/04/25 05:49:44,10,#cantsleep
3,2014/04/25 05:54:44,1,FaceTime
3,2014/04/25 05:54:44,2,Waffle House
3,2014/04/25 05:54:44,3,#insomnia
3,2014/04/25 05:54:44,4,#LameOfficeHolidays
3,2014/04/25 05:54:44,5,Apple iPod Shuffle - 39%
3,2014/04/25 05:54:44,6,Netflix
3,2014/04/25 05:54:44,7,#TGIF
3,2014/04/25 05:54:44,8,#WeAreReadyForTheWWAT
3,2014/04/25 05:54:44,9,Cali
3,2014/04/25 05:54:44,10,#cantsleep
4,2014/04/25 05:59:45,1,NyQuil
4,2014/04/25 05:59:45,2,Waffle House
4,2014/04/25 05:59:45,3,#insomnia
4,2014/04/25 05:59:45,4,#LameOfficeHolidays
4,2014/04/25 05:59:45,5,Apple iPod Shuffle - 39%
4,2014/04/25 05:59:45,6,Netflix
4,2014/04/25 05:59:45,7,#TGIF
4,2014/04/25 05:59:45,8,#WeAreReadyForTheWWAT
4,2014/04/25 05:59:45,9,Cali
4,2014/04/25 05:59:45,10,#cantsleep
5,2014/04/25 06:04:45,1,Waffle House
5,2014/04/25 06:04:45,2,#insomnia
5,2014/04/25 06:04:45,3,#LameOfficeHolidays
5,2014/04/25 06:04:45,4,Apple iPod Shuffle - 39%
5,2014/04/25 06:04:45,5,Netflix
5,2014/04/25 06:04:45,6,#TGIF
5,2014/04/25 06:04:45,7,Cliven Bundy
5,2014/04/25 06:04:45,8,Cali
5,2014/04/25 06:04:45,9,#teamnosleep
5,2014/04/25 06:04:45,10,#cantsleep
6,2014/04/25 06:09:46,1,Waffle House
6,2014/04/25 06:09:46,2,#LameOfficeHolidays
6,2014/04/25 06:09:46,3,Netflix
6,2014/04/25 06:09:46,4,#TGIF
6,2014/04/25 06:09:46,5,#Stock
6,2014/04/25 06:09:46,6,#WeAreReadyForTheWWAT
6,2014/04/25 06:09:46,7,Hawaii
6,2014/04/25 06:09:46,8,Cali
6,2014/04/25 06:09:46,9,#CantSleep
6,2014/04/25 06:09:46,10,Dear God
7,2014/04/25 06:33:14,1,Waffle House
7,2014/04/25 06:33:14,2,#happyfriday
7,2014/04/25 06:33:14,3,#LameOfficeHolidays
7,2014/04/25 06:33:14,4,Dear God
7,2014/04/25 06:33:14,5,Cliven Bundy
7,2014/04/25 06:33:14,6,#TGIF
7,2014/04/25 06:33:14,7,#WeAreReadyForTheWWAT
7,2014/04/25 06:33:14,8,Cali
7,2014/04/25 06:33:14,9,#teamnosleep
7,2014/04/25 06:33:14,10,The Other Woman
8,2014/04/25 06:40:22,1,Cali
8,2014/04/25 06:40:22,2,Waffle House
8,2014/04/25 06:40:22,3,#happyfriday
8,2014/04/25 06:40:22,4,#LameOfficeHolidays
8,2014/04/25 06:40:22,5,Cliven Bundy
8,2014/04/25 06:40:22,6,#TGIF
8,2014/04/25 06:40:22,7,Taco Bell
8,2014/04/25 06:40:22,8,#WeAreReadyForTheWWAT
8,2014/04/25 06:40:22,9,Finally Friday
8,2014/04/25 06:40:22,10,#smilejacob
9,2014/04/25 06:49:37,1,Waffle House
9,2014/04/25 06:49:37,2,#happyfriday
9,2014/04/25 06:49:37,3,#LameOfficeHolidays
9,2014/04/25 06:49:37,4,Cali
9,2014/04/25 06:49:37,5,#TGIF
9,2014/04/25 06:49:37,6,#WeAreReadyForTheWWAT
9,2014/04/25 06:49:37,7,Finally Friday
9,2014/04/25 06:49:37,8,#smilejacob
9,2014/04/25 06:49:37,9,WWAT
9,2014/04/25 06:49:37,10,Dear God
10,2014/04/25 06:54:37,1,Cali
10,2014/04/25 06:54:37,2,Waffle House
10,2014/04/25 06:54:37,3,#LameOfficeHolidays
10,2014/04/25 06:54:37,4,Cliven Bundy
10,2014/04/25 06:54:37,5,#TGIF
10,2014/04/25 06:54:37,6,#WeAreReadyForTheWWAT
10,2014/04/25 06:54:37,7,Finally Friday
10,2014/04/25 06:54:37,8,#smilejacob
10,2014/04/25 06:54:37,9,WWAT
10,2014/04/25 06:54:37,10,#WWATour
11,2014/04/25 07:01:45,1,Waffle House
11,2014/04/25 07:01:45,2,#LameOfficeHolidays
11,2014/04/25 07:01:45,3,Cliven Bundy
11,2014/04/25 07:01:45,4,#TGIF
11,2014/04/25 07:01:45,5,#WeAreReadyForTheWWAT
11,2014/04/25 07:01:45,6,Finally Friday
11,2014/04/25 07:01:45,7,#smilejacob
11,2014/04/25 07:01:45,8,WWAT
11,2014/04/25 07:01:45,9,Penn Relays
11,2014/04/25 07:01:45,10,#WWATour
12,2014/04/25 07:24:23,1,#happyfriday
12,2014/04/25 07:24:23,2,#LameOfficeHolidays
12,2014/04/25 07:24:23,3,Napoleon Dynamite
12,2014/04/25 07:24:23,4,#TGIF
12,2014/04/25 07:24:23,5,#WeAreReadyForTheWWAT
12,2014/04/25 07:24:23,6,Finally Friday
12,2014/04/25 07:24:23,7,#smilejacob
12,2014/04/25 07:24:23,8,WWAT
12,2014/04/25 07:24:23,9,Liger
12,2014/04/25 07:24:23,10,Penn Relays
13,2014/04/25 07:50:05,1,#LameOfficeHolidays
13,2014/04/25 07:50:05,2,Dunkin
13,2014/04/25 07:50:05,3,#TGIF
13,2014/04/25 07:50:05,4,Cliven Bundy
13,2014/04/25 07:50:05,5,Florida
13,2014/04/25 07:50:05,6,#WeAreReadyForTheWWAT
13,2014/04/25 07:50:05,7,Finally Friday
13,2014/04/25 07:50:05,8,#smilejacob
13,2014/04/25 07:50:05,9,#2DaysUntilProblem
13,2014/04/25 07:50:05,10,Penn Relays
14,2014/04/25 07:59:20,1,#LameOfficeHolidays
14,2014/04/25 07:59:20,2,Dunkin
14,2014/04/25 07:59:20,3,#TGIF
14,2014/04/25 07:59:20,4,Florida
14,2014/04/25 07:59:20,5,#WeAreReadyForTheWWAT
14,2014/04/25 07:59:20,6,Finally Friday
14,2014/04/25 07:59:20,7,#smilejacob
14,2014/04/25 07:59:20,8,#2DaysUntilProblem
14,2014/04/25 07:59:20,9,Penn Relays
14,2014/04/25 07:59:20,10,WWAT
15,2014/04/25 08:08:35,1,Finally Friday
15,2014/04/25 08:08:35,2,#LameOfficeHolidays
15,2014/04/25 08:08:35,3,Cliven Bundy
15,2014/04/25 08:08:35,4,Waffle House
15,2014/04/25 08:08:35,5,#WeAreReadyForTheWWAT
15,2014/04/25 08:08:35,6,#notlovinit
15,2014/04/25 08:08:35,7,#smilejacob
15,2014/04/25 08:08:35,8,New York
15,2014/04/25 08:08:35,9,#2DaysUntilProblem
15,2014/04/25 08:08:35,10,WWAT
16,2014/04/25 08:13:35,1,Finally Friday
16,2014/04/25 08:13:35,2,#misscongeniality
16,2014/04/25 08:13:35,3,Cliven Bundy
16,2014/04/25 08:13:35,4,#3YearsOfBeAlright
16,2014/04/25 08:13:35,5,#WeAreReadyForTheWWAT
16,2014/04/25 08:13:35,6,#NotLovinIt
16,2014/04/25 08:13:35,7,#smilejacob
16,2014/04/25 08:13:35,8,WWAT
16,2014/04/25 08:13:35,9,Penn Relays
16,2014/04/25 08:13:35,10,Waffle House
17,2014/04/25 08:18:36,1,Waffle House
17,2014/04/25 08:18:36,2,#misscongeniality
17,2014/04/25 08:18:36,3,Cliven Bundy
17,2014/04/25 08:18:36,4,#3YearsOfBeAlright
17,2014/04/25 08:18:36,5,Dunkin
17,2014/04/25 08:18:36,6,#WeAreReadyForTheWWAT
17,2014/04/25 08:18:36,7,Finally Friday
17,2014/04/25 08:18:36,8,#smilejacob
17,2014/04/25 08:18:36,9,Taco Bell
17,2014/04/25 08:18:36,10,#2DaysUntilProblem
18,2014/04/25 08:23:36,1,Waffle House
18,2014/04/25 08:23:36,2,#LameOfficeHolidays
18,2014/04/25 08:23:36,3,Dunkin
18,2014/04/25 08:23:36,4,#3YearsOfBeAlright
18,2014/04/25 08:23:36,5,Cliven Bundy
18,2014/04/25 08:23:36,6,#WeAreReadyForTheWWAT
18,2014/04/25 08:23:36,7,Finally Friday
18,2014/04/25 08:23:36,8,#smilejacob
18,2014/04/25 08:23:36,9,Ronald McDonald
18,2014/04/25 08:23:36,10,#askpewds
19,2014/04/25 08:48:59,1,#misscongeniality
19,2014/04/25 08:48:59,2,#LameOfficeHolidays
19,2014/04/25 08:48:59,3,Dunkin
19,2014/04/25 08:48:59,4,#3YearsOfBeAlright
19,2014/04/25 08:48:59,5,Florida
19,2014/04/25 08:48:59,6,#WeAreReadyForTheWWAT
19,2014/04/25 08:48:59,7,Finally Friday
19,2014/04/25 08:48:59,8,Edgar
19,2014/04/25 08:48:59,9,#askpewds
19,2014/04/25 08:48:59,10,McDonalds
20,2014/04/25 08:54:00,1,#misscongeniality
20,2014/04/25 08:54:00,2,#askpewds
20,2014/04/25 08:54:00,3,#3YearsOfBeAlright
20,2014/04/25 08:54:00,4,Florida
20,2014/04/25 08:54:00,5,#hothook
20,2014/04/25 08:54:00,6,#WeAreReadyForTheWWAT
20,2014/04/25 08:54:00,7,Finally Friday
20,2014/04/25 08:54:00,8,Edgar
20,2014/04/25 08:54:00,9,The Other Woman
20,2014/04/25 08:54:00,10,Penn Relays
21,2014/04/25 09:07:22,1,#misscongeniality
21,2014/04/25 09:07:22,2,#askpewds
21,2014/04/25 09:07:22,3,Cliven Bundy
21,2014/04/25 09:07:22,4,#3YearsOfBeAlright
21,2014/04/25 09:07:22,5,Mitch McGary
21,2014/04/25 09:07:22,6,Dunkin
21,2014/04/25 09:07:22,7,#HotHook
21,2014/04/25 09:07:22,8,#WeAreReadyForTheWWAT
21,2014/04/25 09:07:22,9,Finally Friday
21,2014/04/25 09:07:22,10,Penn Relays
22,2014/04/25 09:14:30,1,#misscongeniality
22,2014/04/25 09:14:30,2,#askpewds
22,2014/04/25 09:14:30,3,IHOP
22,2014/04/25 09:14:30,4,#3YearsOfBeAlright
22,2014/04/25 09:14:30,5,Mitch McGary
22,2014/04/25 09:14:30,6,#HotHook
22,2014/04/25 09:14:30,7,#WeAreReadyForTheWWAT
22,2014/04/25 09:14:30,8,Finally Friday
22,2014/04/25 09:14:30,9,The Other Woman
22,2014/04/25 09:14:30,10,Penn Relays
23,2014/04/25 09:19:31,1,Finally Friday
23,2014/04/25 09:19:31,2,#misscongeniality
23,2014/04/25 09:19:31,3,#askpewds
23,2014/04/25 09:19:31,4,#3YearsOfBeAlright
23,2014/04/25 09:19:31,5,Mitch McGary
23,2014/04/25 09:19:31,6,NCAA
23,2014/04/25 09:19:31,7,#WeAreReadyForTheWWAT
23,2014/04/25 09:19:31,8,#NotLovinIt
23,2014/04/25 09:19:31,9,IHOP
23,2014/04/25 09:19:31,10,Pepsi-flavored Cheetos
24,2014/04/25 09:24:31,1,Finally Friday
24,2014/04/25 09:24:31,2,#misscongeniality
24,2014/04/25 09:24:31,3,#askpewds
24,2014/04/25 09:24:31,4,Cliven Bundy
24,2014/04/25 09:24:31,5,#3YearsOfBeAlright
24,2014/04/25 09:24:31,6,Mitch McGary
24,2014/04/25 09:24:31,7,NCAA
24,2014/04/25 09:24:31,8,#WeAreReadyForTheWWAT
24,2014/04/25 09:24:31,9,#NotLovinIt
24,2014/04/25 09:24:31,10,We Could Be King
25,2014/04/25 09:29:32,1,Finally Friday
25,2014/04/25 09:29:32,2,#misscongeniality
25,2014/04/25 09:29:32,3,#askpewds
25,2014/04/25 09:29:32,4,Cliven Bundy
25,2014/04/25 09:29:32,5,#3YearsOfBeAlright
25,2014/04/25 09:29:32,6,Mitch McGary
25,2014/04/25 09:29:32,7,NCAA
25,2014/04/25 09:29:32,8,#WeAreReadyForTheWWAT
25,2014/04/25 09:29:32,9,#NotLovinIt
25,2014/04/25 09:29:32,10,We Could Be King
26,2014/04/25 09:36:40,1,#misscongeniality
26,2014/04/25 09:36:40,2,#LameOfficeHolidays
26,2014/04/25 09:36:40,3,Cliven Bundy
26,2014/04/25 09:36:40,4,#3YearsOfBeAlright
26,2014/04/25 09:36:40,5,Mitch McGary
26,2014/04/25 09:36:40,6,NCAA
26,2014/04/25 09:36:40,7,#WeAreReadyForTheWWAT
26,2014/04/25 09:36:40,8,Finally Friday
26,2014/04/25 09:36:40,9,Katy Perry
26,2014/04/25 09:36:40,10,#askpewds
27,2014/04/25 10:40:29,1,#misscongeniality
27,2014/04/25 10:40:29,2,#LameOfficeHolidays
27,2014/04/25 10:40:29,3,The NCAA
27,2014/04/25 10:40:29,4,#3YearsOfBeAlright
27,2014/04/25 10:40:29,5,Mitch McGary
27,2014/04/25 10:40:29,6,#WeAreReadyForTheWWAT
27,2014/04/25 10:40:29,7,Finally Friday
27,2014/04/25 10:40:29,8,Happy Arbor Day
27,2014/04/25 10:40:29,9,Bo Pilgrim
27,2014/04/25 10:40:29,10,#askpewds
28,2014/04/25 11:07:13,1,Tim Duncan
28,2014/04/25 11:07:13,2,#misscongeniality
28,2014/04/25 11:07:13,3,#askpewds
28,2014/04/25 11:07:13,4,Chapstick
28,2014/04/25 11:07:13,5,#3YearsOfBeAlright
28,2014/04/25 11:07:13,6,Mitch McGary
28,2014/04/25 11:07:13,7,#SendYourManNudesFriday
28,2014/04/25 11:07:13,8,#WeAreReadyForTheWWAT
28,2014/04/25 11:07:13,9,The Other Woman
28,2014/04/25 11:07:13,10,Happy Arbor Day
29,2014/04/25 11:12:14,1,Tim Duncan
29,2014/04/25 11:12:14,2,#misscongeniality
29,2014/04/25 11:12:14,3,#3YearsOfBeAlright
29,2014/04/25 11:12:14,4,Mitch McGary
29,2014/04/25 11:12:14,5,#SendYourManNudesFriday
29,2014/04/25 11:12:14,6,#WeAreReadyForTheWWAT
29,2014/04/25 11:12:14,7,Finally Friday
29,2014/04/25 11:12:14,8,The Other Woman
29,2014/04/25 11:12:14,9,#ctecfest
29,2014/04/25 11:12:14,10,Happy Arbor Day
30,2014/04/25 11:37:46,1,Vezina
30,2014/04/25 11:37:46,2,#misscongeniality
30,2014/04/25 11:37:46,3,Tim Duncan
30,2014/04/25 11:37:46,4,#3YearsOfBeAlright
30,2014/04/25 11:37:46,5,Mitch McGary
30,2014/04/25 11:37:46,6,#SendYourManNudesFriday
30,2014/04/25 11:37:46,7,#WeAreReadyForTheWWAT
30,2014/04/25 11:37:46,8,IHOP
30,2014/04/25 11:37:46,9,#ctecfest
30,2014/04/25 11:37:46,10,Happy Arbor Day
31,2014/04/25 11:42:47,1,Vezina
31,2014/04/25 11:42:47,2,#misscongeniality
31,2014/04/25 11:42:47,3,Tim Duncan
31,2014/04/25 11:42:47,4,#3YearsOfBeAlright
31,2014/04/25 11:42:47,5,Mitch McGary
31,2014/04/25 11:42:47,6,#SendYourManNudesFriday
31,2014/04/25 11:42:47,7,#WeAreReadyForTheWWAT
31,2014/04/25 11:42:47,8,The Other Woman
31,2014/04/25 11:42:47,9,Happy Arbor Day
31,2014/04/25 11:42:47,10,#CNNRahmComs
1,2014/04/25 18:42:24,1,#DONTSTOP5SOS
1,2014/04/25 18:42:24,2,Don't Stop
1,2014/04/25 18:42:24,3,Jeepers Creepers
1,2014/04/25 18:42:24,4,When You Get Caught Flirting
1,2014/04/25 18:42:24,5,#NashNewVideo
1,2014/04/25 18:42:24,6,#WeAreReadyForTheWWAT
1,2014/04/25 18:42:24,7,#5SOSKISS957
1,2014/04/25 18:42:24,8,Columbus Short
1,2014/04/25 18:42:24,9,#HipsterBooks
1,2014/04/25 18:42:24,10,Pearl Harbor
2,2014/04/25 18:47:26,1,The Only Reason
2,2014/04/25 18:47:26,2,#DONTSTOP5SOS
2,2014/04/25 18:47:26,3,Jeepers Creepers
2,2014/04/25 18:47:26,4,When You Get Caught Flirting
2,2014/04/25 18:47:26,5,#NashNewVideo
2,2014/04/25 18:47:26,6,#WeAreReadyForTheWWAT
2,2014/04/25 18:47:26,7,#5SOSKISS957
2,2014/04/25 18:47:26,8,Columbus Short
2,2014/04/25 18:47:26,9,#HipsterBooks
2,2014/04/25 18:47:26,10,Pearl Harbor
3,2014/04/25 18:52:28,1,#DONTSTOP5SOS
3,2014/04/25 18:52:28,2,#wwatincolombia
3,2014/04/25 18:52:28,3,Don't Stop
3,2014/04/25 18:52:28,4,When You Get Caught Flirting
3,2014/04/25 18:52:28,5,#NashNewVideo
3,2014/04/25 18:52:28,6,Liam and Louis
3,2014/04/25 18:52:28,7,#WeAreReadyForTheWWAT
3,2014/04/25 18:52:28,8,#5SOSKISS957
3,2014/04/25 18:52:28,9,Columbus Short
3,2014/04/25 18:52:28,10,Pearl Harbor
1,2014/04/28 06:35:07,1,#Problem
1,2014/04/28 06:35:07,2,Magic Johnson
1,2014/04/28 06:35:07,3,#insomnia
1,2014/04/28 06:35:07,4,Netflix
1,2014/04/28 06:35:07,5,#WhyBeInARelationshipWhen
1,2014/04/28 06:35:07,6,Mother Nature
1,2014/04/28 06:35:07,7,#BuyProblemOniTunes
1,2014/04/28 06:35:07,8,Cali
1,2014/04/28 06:35:07,9,Arkansas
1,2014/04/28 06:35:07,10,#PrayForArkansas
